<?xml version="1.0" encoding="UTF-8"?>
<!DOCTYPE mapper PUBLIC "-//mybatis.org//DTD Mapper 3.0//EN" "http://mybatis.org/dtd/mybatis-3-mapper.dtd">
<mapper namespace="cn.exitcode.day001.apicontect.mapper.CommunicateMapper">

    <!-- 通用查询映射结果 -->
    <resultMap id="BaseResultMap" type="cn.exitcode.day001.apicontect.entity.Communicate">
        <id column="id" property="id" />
        <result column="toid" property="toid" />
        <result column="acid" property="acid" />
        <result column="addtime" property="addtime" />
        <result column="state" property="state" />
    </resultMap>

    <!-- 通用查询结果列 -->
    <sql id="Base_Column_List">
        id, toid, acid, addtime, state
    </sql>

</mapper>
