<?xml version="1.0" encoding="UTF-8"?>
<!DOCTYPE mapper PUBLIC "-//mybatis.org//DTD Mapper 3.0//EN" "http://mybatis.org/dtd/mybatis-3-mapper.dtd">
<mapper namespace="cn.exitcode.day001.apicontect.mapper.IntroduceMapper">

    <!-- 通用查询映射结果 -->
    <resultMap id="BaseResultMap" type="cn.exitcode.day001.apicontect.entity.Introduce">
        <id column="id" property="id" />
        <result column="uid" property="uid" />
        <result column="title" property="title" />
        <result column="content" property="content" />
    </resultMap>

    <!-- 通用查询结果列 -->
    <sql id="Base_Column_List">
        id, uid, title, content
    </sql>

</mapper>
