<?xml version="1.0" encoding="UTF-8"?>
<!DOCTYPE mapper PUBLIC "-//mybatis.org//DTD Mapper 3.0//EN" "http://mybatis.org/dtd/mybatis-3-mapper.dtd">
<mapper namespace="cn.exitcode.day001.apicontect.mapper.ProjectMapper">

    <!-- 通用查询映射结果 -->
    <resultMap id="BaseResultMap" type="cn.exitcode.day001.apicontect.entity.Project">
        <id column="id" property="id" />
        <result column="uid" property="uid" />
        <result column="money" property="money" />
        <result column="title" property="title" />
        <result column="content" property="content" />
        <result column="acid" property="acid" />
        <result column="addtime" property="addtime" />
        <result column="endtime" property="endtime" />
        <result column="uevalute" property="uevalute" />
        <result column="acevalute" property="acevalute" />
        <result column="state" property="state" />
    </resultMap>

    <!-- 通用查询结果列 -->
    <sql id="Base_Column_List">
        id, uid, money, title, content, acid, addtime, endtime, uevalute, acevalute, state
    </sql>

</mapper>
