<?xml version="1.0" encoding="UTF-8"?>
<!DOCTYPE mapper PUBLIC "-//mybatis.org//DTD Mapper 3.0//EN" "http://mybatis.org/dtd/mybatis-3-mapper.dtd">
<mapper namespace="cn.exitcode.day001.apicontect.mapper.UserMapper">

    <!-- 通用查询映射结果 -->
    <resultMap id="BaseResultMap" type="cn.exitcode.day001.apicontect.entity.User">
        <id column="id" property="id" />
        <result column="user" property="user" />
        <result column="pwd" property="pwd" />
        <result column="mail" property="mail" />
        <result column="card" property="card" />
        <result column="roleid" property="roleid" />
        <result column="tips" property="tips" />
        <result column="BZMoney" property="bzmoney" />
        <result column="xinyu" property="xinyu" />
    </resultMap>

    <!-- 通用查询结果列 -->
    <sql id="Base_Column_List">
        id, user, pwd, mail, card, roleid, tips, BZMoney, xinyu
    </sql>

</mapper>
